T0.A.S31.L001,T0.B.S32.L001,T0.C.S33.L001,T1.A.S34.L001,T1.B.S35.L001,T1.C.S36.L001,T10.A.S61.L001,T10.B.S62.L001,T10.C.S63.L001,T11.A.S64.L001,T11.B.S65.L001,T11.C.S66.L001,T2.A.S37.L001,T2.B.S38.L001,T2.C.S39.L001,T3.A.S40.L001,T3.B.S41.L001,T3.C.S42.L001,T4.A.S43.L001,T4.B.S44.L001,T4.C.S45.L001,T5.A.S46.L001,T5.B.S47.L001,T5.C.S48.L001,T6.A.S49.L001,T6.B.S50.L001,T6.C.S51.L001,T7.A.S52.L001,T7.B.S53.L001,T7.C.S54.L001,T8.A.S55.L001,T8.B.S56.L001,T8.C.S57.L001,T9.A.S58.L001,T9.B.S59.L001,T9.C.S60.L001,sum.taxonomy
0,0,0,0,0,0,0,0.277454341,0,0,0,0,0,0,0,0,0,0,0,0.491507968,0,0,0,0.231037692,0,0,0,0,0,0,0,0,0,0,0,0,Eukaryota;Chordata;Mammalia;Carnivora;Otariidae;Zalophus;Zalophus californianus
0,0,0,0,0,0,0,0,0,0,0,0,0,0,1,0,0,0,0,0,0,0,0,0,0,0,0,0,0,0,0,0,0,0,0,0,Eukaryota;Chordata;Mammalia;Artiodactyla;Delphinidae;Grampus;Grampus griseus
0,0,0,0,0,0,0,0,0,0,0,0,0,0,0,0.965085753,0,0,0,0,0,0,0,0,0,0,0.034914247,0,0,0,0,0,0,0,0,0,Eukaryota;Chordata;Mammalia;Artiodactyla;Delphinidae;;
0,0,0,0,0,0,0,0,0,0,0,0,0,1,0,0,0,0,0,0,0,0,0,0,0,0,0,0,0,0,0,0,0,0,0,0,Eukaryota;Chordata;Chondrichthyes;Pristiformes/Rhiniformes group;Rhinobatidae;Pseudobatos;Pseudobatos productus
0,0,1,0,0,0,0,0,0,0,0,0,0,0,0,0,0,0,0,0,0,0,0,0,0,0,0,0,0,0,0,0,0,0,0,0,Eukaryota;Chordata;Chondrichthyes;Orectolobiformes;Hemiscylliidae;Chiloscyllium;Chiloscyllium punctatum
0.112629631,0.144064478,0.282078541,0,0.005696869,0.010032415,0,0,0.041327372,0.086050859,0,0.008860321,0,0,0,0,0.01671446,0,0,0,0,0,0.020973401,0,0.034984828,0.032549638,0,0,0,0.021488819,0,0.15422945,0,0.021318067,0,0.007000851,Eukaryota;Chordata;Chondrichthyes;Myliobatiformes;Urolophidae;Urolophus;Urolophus halleri
0,0,0,0,0,0.01804616,0.050082739,0.109964378,0.150660502,0,0.219546957,0,0,0,0.101557275,0.160791811,0,0,0.054564134,0,0,0,0.081349169,0,0,0,0,0.02578806,0,0.027648813,0,0,0,0,0,0,Eukaryota;Chordata;Chondrichthyes;Myliobatiformes;Myliobatidae;Myliobatis;Myliobatis californica
0,0,0,0,0,0,0,0,0,0,0,0,0,0,0,0,0,0,0,0,0,0,1,0,0,0,0,0,0,0,0,0,0,0,0,0,Eukaryota;Chordata;Chondrichthyes;Myliobatiformes;Dasyatidae;Himantura;Himantura uarnak
0.051074607,0.05632854,0.235476154,0.05413516,0.031502498,0.037161736,0,0,0,0.043258481,0,0,0,0,0,0,0.05614396,0,0,0.021376849,0,0,0.011156497,0,0,0,0,0.066380402,0.060013396,0,0,0,0.08922661,0.084394556,0.102370555,0,Eukaryota;Chordata;Chondrichthyes;Heterodontiformes;Heterodontidae;Heterodontus;Heterodontus francisci
0,0,0,0,0,0,0,0,0,0,0,0,1,0,0,0,0,0,0,0,0,0,0,0,0,0,0,0,0,0,0,0,0,0,0,0,Eukaryota;Chordata;Chondrichthyes;Carcharhiniformes;Scyliorhinidae;Cephaloscyllium;Cephaloscyllium ventriosum
0,0,0,0,0,0,0,1,0,0,0,0,0,0,0,0,0,0,0,0,0,0,0,0,0,0,0,0,0,0,0,0,0,0,0,0,Eukaryota;Chordata;Aves;Charadriiformes;Laridae;Larus;Larus occidentalis
0,0,0,0,0,0,0,0,0,0,0,0,0,0,0,0,0,0,0,0,0,0,0,0,0,1,0,0,0,0,0,0,0,0,0,0,Eukaryota;Chordata;Aves;Charadriiformes;Laridae;Larus;
0,0,0,0,0,0,0,0,0,0,0,0,0,0,0,0,0,0,0,0,0,0,0,1,0,0,0,0,0,0,0,0,0,0,0,0,Eukaryota;Chordata;Actinopteri;Tetraodontiformes;Tetraodontidae;Canthigaster;Canthigaster solandri
0,0.182021407,0.172629378,0,0,0,0,0,0,0,0,0,0,0,0,0,0,0,0,0,0,0.164853843,0.480495372,0,0,0,0,0,0,0,0,0,0,0,0,0,Eukaryota;Chordata;Actinopteri;Tetraodontiformes;Monacanthidae;Acreichthys;
0,0,0,0,0,0,0,0,1,0,0,0,0,0,0,0,0,0,0,0,0,0,0,0,0,0,0,0,0,0,0,0,0,0,0,0,Eukaryota;Chordata;Actinopteri;Tetraodontiformes;Molidae;Mola;Mola mola
0,0,0,0,0,0,0,0,0,0,0,0,0,0,0,0,1,0,0,0,0,0,0,0,0,0,0,0,0,0,0,0,0,0,0,0,Eukaryota;Chordata;Actinopteri;Tetraodontiformes;Balistidae;Odonus;Odonus niger
0,0,0,0,0,0,0,0,0,0,0,0,0,0,0,0,0,0,0,0,0,0,0,1,0,0,0,0,0,0,0,0,0,0,0,0,Eukaryota;Chordata;Actinopteri;Tetraodontiformes;Balistidae;Balistapus;Balistapus undulatus
0,0,0,0,0,0,0,0,0,0,0,0,0,0,1,0,0,0,0,0,0,0,0,0,0,0,0,0,0,0,0,0,0,0,0,0,Eukaryota;Chordata;Actinopteri;Syngnathiformes;Syngnathidae;Syngnathus;Syngnathus leptorhynchus
0,0,0,0,0,0,0,0,0,0,0,0,0,0,0,0,0,0,0,0,0,0,0,1,0,0,0,0,0,0,0,0,0,0,0,0,Eukaryota;Chordata;Actinopteri;Syngnathiformes;Mullidae;Parupeneus;Parupeneus indicus
0,0,0,0,0,0,0,0,0,0,0,0,0,0,0,0,0,0,0,0,0,0,0,0,0,0,0,0,0,0,0,1,0,0,0,0,Eukaryota;Chordata;Actinopteri;Syngnathiformes;Centriscidae;Centriscus;Centriscus scutatus
0,0,0,0,0,0,0,0,0,0,0,0,0,0,0,0,0,0,0,0,0,0,0,0,0,0,0,0,0,0,0,0,0,0,1,0,Eukaryota;Chordata;Actinopteri;Spariformes;Nemipteridae;Pentapodus;Pentapodus bifasciatus
0,0.125192707,0,0,0,0,0.063993927,0,0,0.062840055,0,0,0,0,0,0.232187651,0.044493548,0,0.189294797,0.050715851,0,0.104387852,0,0,0,0,0.031265157,0,0,0.038788646,0,0,0,0,0.05683981,0,Eukaryota;Chordata;Actinopteri;Scombriformes;Scombridae;Scomber;Scomber japonicus
0,0,0,0,0,0,0,0,0,0,0.302384037,0,0,0,0.38082483,0,0,0,0,0.316791133,0,0,0,0,0,0,0,0,0,0,0,0,0,0,0,0,Eukaryota;Chordata;Actinopteri;Scombriformes;Scombridae;Sarda;Sarda chiliensis
0,0,0,0,0,0,0,0,0,0,0,0,0,0,0,0,0,0,0,0,0,0,0,1,0,0,0,0,0,0,0,0,0,0,0,0,Eukaryota;Chordata;Actinopteri;Pleuronectiformes;Psettodidae;Psettodes;Psettodes erumei
0.068798799,0,0,0.320166872,0.177947646,0.114979157,0,0,0,0.074274283,0,0,0,0,0.132935018,0,0.085182317,0,0,0,0,0,0,0,0,0,0,0.025715908,0,0,0,0,0,0,0,0,Eukaryota;Chordata;Actinopteri;Pleuronectiformes;Pleuronectidae;Pleuronichthys;Pleuronichthys coenosus
0,0,0,0,0,0,0,0.221405027,0,0,0,0.049594969,0,0,0,0,0.065594842,0,0,0,0,0,0,0,0,0,0,0,0,0,0,0,0.663405161,0,0,0,Eukaryota;Chordata;Actinopteri;Pleuronectiformes;Paralichthyidae;Paralichthys;Paralichthys californicus
0,0,0,0,0,0,0,0.293638577,0,0,0,0.105859415,0,0,0,0,0,0,0.226742879,0,0,0,0,0,0,0,0,0,0,0.373759129,0,0,0,0,0,0,Eukaryota;Chordata;Actinopteri;Pleuronectiformes;Paralichthyidae;Citharichthys;Citharichthys stigmaeus
0,0,0,0,0,0,0,0,0,0,0,0,0,0,0,0,0,0,0,0,0,0,0,0.169936959,0,0,0,0,0,0,0,0,0.830063041,0,0,0,Eukaryota;Chordata;Actinopteri;Pleuronectiformes;Paralichthyidae;Citharichthys;Citharichthys sordidus
0,0,0,0,0,0,0,0,0,0,1,0,0,0,0,0,0,0,0,0,0,0,0,0,0,0,0,0,0,0,0,0,0,0,0,0,Eukaryota;Chordata;Actinopteri;Pleuronectiformes;Cynoglossidae;Symphurus;Symphurus atricaudus
0,0,0,0,0,0,0,0,0,0,0,0,0,0,0,0,0,0,0,0,0,0,0,1,0,0,0,0,0,0,0,0,0,0,0,0,Eukaryota;Chordata;Actinopteri;Perciformes;Serranidae;Variola;Variola albimarginata
0,0,0,0,1,0,0,0,0,0,0,0,0,0,0,0,0,0,0,0,0,0,0,0,0,0,0,0,0,0,0,0,0,0,0,0,Eukaryota;Chordata;Actinopteri;Perciformes;Serranidae;Paralabrax;Paralabrax nebulifer
0.040140679,0.042200798,0.030840853,0.00703694,0.013349535,0.005597684,0.018514405,0.022144931,0.007541534,0.056530083,0.021364623,0.015134373,0.02406487,0.031735488,0.023425637,0.052882754,0.043753548,0.056530083,0.028405399,0.010130599,0.018999098,0.00938828,0.028274436,0.013375286,0.056530083,0.021645348,0.008544758,0.056530083,0.007332687,0.018543067,0.035890772,0.038286089,0.020596705,0.056530083,0.056530083,0.00167833,Eukaryota;Chordata;Actinopteri;Perciformes;Serranidae;Paralabrax;Paralabrax clathratus
0,0,0,0,0,0,0,0,0,0,0,0,1,0,0,0,0,0,0,0,0,0,0,0,0,0,0,0,0,0,0,0,0,0,0,0,Eukaryota;Chordata;Actinopteri;Perciformes;Serranidae;Paralabrax;
0,0,0.251678162,0,0,0,0,0,0,0,0,0,0,0,0,0,0,0,0,0,0,0,0.373124712,0.375197125,0,0,0,0,0,0,0,0,0,0,0,0,Eukaryota;Chordata;Actinopteri;Perciformes;Serranidae;Epinephelus;Epinephelus coioides
0.032583191,0.035739379,0.023370858,0,0.006735816,0,0,0.020910888,0.006569534,0,0,0,0,0,0,0.103400618,0.007090617,0,0.038540128,0,0.055356702,0,0.210220811,0.004797027,0.19856762,0.085505915,0,0.068993226,0,0,0.024044294,0,0.009093988,0,0.060935403,0.007543984,Eukaryota;Chordata;Actinopteri;Perciformes;Serranidae;Epinephelus;
0.058181064,0.091360646,0.092180796,0,0,0,0.01908606,0.086095481,0.087815063,0,0.054200648,0.03747883,0,0,0,0,0,0,0.056211091,0.157298163,0.178949533,0.038285497,0,0,0,0,0,0,0,0,0,0,0,0,0,0.042857129,Eukaryota;Chordata;Actinopteri;Perciformes;Scorpaenidae;Scorpaenodes;Scorpaenodes xyris
0.026479652,0.039395886,0.041933971,0.010448481,0,0.002229479,0,0,0,7.93E-04,0,0,0,0,0,0,0.010841683,0,0,0.103431678,0,0.014686063,0.087554305,0,0.144469788,0,0.480759945,0,0.004877603,0,0,0,0,0,0.03209842,0,Eukaryota;Chordata;Actinopteri;Perciformes;Scorpaenidae;Scorpaena;Scorpaena guttata
0,0,0,0,0,0,0,0,0,0,0,0,0,1,0,0,0,0,0,0,0,0,0,0,0,0,0,0,0,0,0,0,0,0,0,0,Eukaryota;Chordata;Actinopteri;Perciformes;Cottidae;Ruscarius;Ruscarius creaseri
0,0.471772262,0.108305727,0,0,0,0,0,0,0,0,0,0,0,0,0,0,0,0.05866256,0,0,0,0,0,0,0,0,0,0,0,0,0,0,0,0.361259451,0,Eukaryota;Chordata;Actinopteri;Perciformes;Cottidae;Clinocottus;Clinocottus analis
0,0,0,0,0,0,1,0,0,0,0,0,0,0,0,0,0,0,0,0,0,0,0,0,0,0,0,0,0,0,0,0,0,0,0,0,Eukaryota;Chordata;Actinopteri;Perciformes;;;
0,0,0,0.073555469,0,0,0,0,0,0,0,0,0,0,0,0,0,0,0,0,0,0.157890077,0.129442202,0,0,0.639112252,0,0,0,0,0,0,0,0,0,0,Eukaryota;Chordata;Actinopteri;Pempheriformes;Pempheridae;Pempheris;Pempheris adusta
0,0,0,0,0.029754637,0.023122047,0.015307475,0.271762962,0,0.253029982,0,0,0,0,0,0,0.185601187,0,0,0,0,0,0,0,0,0,0,0,0,0,0,0,0,0,0.221421711,0,Eukaryota;Chordata;Actinopteri;Ophidiiformes;Ophidiidae;Chilara;Chilara taylori
0,0,0,0,0,0,0,0,0,0,0,0,0,0,0,0,1,0,0,0,0,0,0,0,0,0,0,0,0,0,0,0,0,0,0,0,Eukaryota;Chordata;Actinopteri;Ophidiiformes;Bythitidae;;
0,0,0,0,0,0,0.069386991,0.018664685,0,0,0,0,0.143410036,0,0,0,0,0,0.113043372,0.25472841,0,0,0.216813506,0,0,0,0,0.183952999,0,0,0,0,0,0,0,0,Eukaryota;Chordata;Actinopteri;NA;Sphyraenidae;Sphyraena;Sphyraena argentea
0,0,0,0,0,0,1,0,0,0,0,0,0,0,0,0,0,0,0,0,0,0,0,0,0,0,0,0,0,0,0,0,0,0,0,0,Eukaryota;Chordata;Actinopteri;NA;Sciaenidae;Umbrina;Umbrina roncador
0,0,0,0,0,0,0,0,0,0,0,0,0,0,0,0,0,0,0,0,0,0,0,1,0,0,0,0,0,0,0,0,0,0,0,0,Eukaryota;Chordata;Actinopteri;NA;Pomacentridae;Pomacentrus;Pomacentrus taeniometopon
0,0,0,0,0,0,0,0,0,0,0,0,0,0,0,0,0,0,0,0,0.019123234,0,0,0.980876766,0,0,0,0,0,0,0,0,0,0,0,0,Eukaryota;Chordata;Actinopteri;NA;Pomacentridae;Plectroglyphidodon;Plectroglyphidodon lacrymatus
0.177359958,0.069283957,0.128696563,0.016292851,0.002475428,0.001638721,0.038212208,0.075400176,0.020945442,0.093059633,0.028080384,0.00175609,0.0223356,0.009514886,0.012060029,0.033594788,0.01694894,0.004787898,0.038315269,0.014412561,0.015356313,0,0.017150599,0.004213181,0.019088682,0,0,0.012378395,0.002087616,0.005159234,0,0.020649024,0.020311966,0.058853042,0.019580565,0,Eukaryota;Chordata;Actinopteri;NA;Pomacentridae;Hypsypops;Hypsypops rubicundus
0,0,0,0.112388525,0.08802258,0.028554712,0,0,0.070762914,0,0.026327954,0.145811239,0.053274201,0,0,0,0,0,0.049832091,0.243729838,0.017357487,0,0,0,0,0,0,0,0,0,0,0,0.161000412,0,0,0.002938046,Eukaryota;Chordata;Actinopteri;NA;Malacanthidae;Caulolatilus;Caulolatilus princeps
0,0,1,0,0,0,0,0,0,0,0,0,0,0,0,0,0,0,0,0,0,0,0,0,0,0,0,0,0,0,0,0,0,0,0,0,Eukaryota;Chordata;Actinopteri;NA;Centropomidae;Psammoperca;Psammoperca waigiensis
0,0,0,0,0,0,0,0,0,0,0,0,0,0,0,0,0,0,0,0,0,0,0,1,0,0,0,0,0,0,0,0,0,0,0,0,Eukaryota;Chordata;Actinopteri;Lutjaniformes;Lutjanidae;Pterocaesio;Pterocaesio tessellata
0,0,0,0,0,0,0,0,0,0,0,0,0,0,0,0,0,0,0,0,0,0,0,1,0,0,0,0,0,0,0,0,0,0,0,0,Eukaryota;Chordata;Actinopteri;Lutjaniformes;Lutjanidae;Pterocaesio;
0,0,0,0,0,0,0,0,0,0,0,0,0,0,0,0,0,0,0,0,0,0,0,1,0,0,0,0,0,0,0,0,0,0,0,0,Eukaryota;Chordata;Actinopteri;Lutjaniformes;Lutjanidae;Caesio;Caesio cuning
1,0,0,0,0,0,0,0,0,0,0,0,0,0,0,0,0,0,0,0,0,0,0,0,0,0,0,0,0,0,0,0,0,0,0,0,Eukaryota;Chordata;Actinopteri;Lutjaniformes;Haemulidae;Xenistius;Xenistius californiensis
0.038739971,0.058465881,8.68E-04,0,0,0,0.052843277,0.337018957,0.019271607,0.018070972,0,0.009065555,0.020750617,0,0,0,0.034793811,0.04522249,0.089448877,0.075872131,0,0,0,0,0,0,0,0,0,0,0.05108153,0,0,0.07536822,0.073118372,0,Eukaryota;Chordata;Actinopteri;Lutjaniformes;Haemulidae;Anisotremus;Anisotremus davidsonii
0.066483525,0.042895082,0.06583892,0.007969384,0.006821977,0.005857247,0.020832211,0.052729491,0.037234892,0.019476621,0.031702762,0.007124165,0.003434328,0.029329046,0.037918212,0.002513343,0.009382943,0.046671158,0.022181776,0.004492916,0.021067184,0,0.023880258,0.02059932,0.018808239,0.015885194,0.028267154,0.015713059,0.124081394,0,0.003660809,0.100548985,0.032408003,0.016662517,0.056178966,0.00134892,Eukaryota;Chordata;Actinopteri;Labriformes;Labridae;Semicossyphus;Semicossyphus pulcher
0,0,0,0,0,0,0,0,0,0,0,0,0,0,0,0,0,0,0,0,0,0,1,0,0,0,0,0,0,0,0,0,0,0,0,0,Eukaryota;Chordata;Actinopteri;Labriformes;Labridae;Scarus;Scarus niger
0,0,0,2.46E-04,0,2.11E-04,1.05E-04,0,0,0,0,1.18E-04,0.035384917,2.31E-04,3.38E-04,0.222216239,0,0,0,0.1923427,0,0,0.073302532,0,0,0,0,0,0,0,0,0,0.404025136,0,0.071314148,1.65E-04,Eukaryota;Chordata;Actinopteri;Labriformes;Labridae;Oxyjulis;Oxyjulis californica
9.60E-04,9.79E-06,0.005536116,0.068180582,0.068180582,0.068180582,9.35E-04,0.001660206,0.068180582,0.042885569,0.068180582,0.068180582,0.068180582,0.066797748,0.068180582,0.032831918,0.024316632,0.015699357,0.045243259,0.023444331,0.010795164,0.020307202,0.012794967,0.006920269,0.0159778,0.001627586,0.005232144,0.012670456,0.00584458,0.012284344,0.002483008,0.011134847,0.004526512,0,0.003456279,0.068180582,Eukaryota;Chordata;Actinopteri;Labriformes;Labridae;Halichoeres;Halichoeres semicinctus
0,0,0,0,0,0,0,0,0,0,0,0,0,0,0,0,0,0,0.565384563,0,0,0,0.434615437,0,0,0,0,0,0,0,0,0,0,0,0,0,Eukaryota;Chordata;Actinopteri;Labriformes;Labridae;Choerodon;Choerodon anchorago
0,0,0,0.060872711,0.066098364,0.07924061,0.105455916,0.001582384,0.050973802,0.033560057,0.067698717,0.064906715,0.069950957,0.062743736,0.058519498,0.018957514,0.018362117,0.009971201,0.034351454,0.02567122,0.008546629,0.012992355,0.010828845,0.008712686,0.012562895,9.63E-04,0.0022568,0.007951914,0.006390392,0.007104741,0.004213976,0.00591045,0.006235094,0,0.00327021,0.07314315,Eukaryota;Chordata;Actinopteri;Labriformes;Labridae;;
0,0,0,0,0,0,0,0,0,0,0,0,0,0,0,0,0,0,0,0,0,0,0,1,0,0,0,0,0,0,0,0,0,0,0,0,Eukaryota;Chordata;Actinopteri;Kurtiformes;Apogonidae;Taeniamia;
0,0,0,0,0,0,0,0,0,0,0,0,0,0,0,0,0.016724618,0,0.123555891,0,0,0,0.859719491,0,0,0,0,0,0,0,0,0,0,0,0,0,Eukaryota;Chordata;Actinopteri;Kurtiformes;Apogonidae;Ostorhinchus;Ostorhinchus chrysopomus
0,0.215629079,0.131287825,0,0,0,0.653083095,0,0,0,0,0,0,0,0,0,0,0,0,0,0,0,0,0,0,0,0,0,0,0,0,0,0,0,0,0,Eukaryota;Chordata;Actinopteri;Kurtiformes;Apogonidae;Apogon;Apogon guadalupensis
0,0,0,0,0,0,0,0,0,0,0,0,0,0,0,0,0,0,0,1,0,0,0,0,0,0,0,0,0,0,0,0,0,0,0,0,Eukaryota;Chordata;Actinopteri;Holocentriformes;Holocentridae;Myripristis;
0.28046517,0.134218113,0.217914174,0.007399213,0,0,0,0.067400324,0.032989974,0,0.080428344,0,0,0,0,0,0,0,0,0,0,0,0.125394516,0,0,0,0,0,0,0,0,0,0,0,0.053790171,0,Eukaryota;Chordata;Actinopteri;Gobiiformes;Gobiidae;Typhlogobius;Typhlogobius californiensis
0,0,0.150388712,0,0,0,0,0,0,0,0,0,0,0,0,0,0,0.5255075,0,0,0,0,0,0,0,0,0,0,0,0,0,0,0.324103788,0,0,0,Eukaryota;Chordata;Actinopteri;Gobiiformes;Gobiidae;Rhinogobiops;Rhinogobiops nicholsii
0.230236574,0,0,0,0,0,0,0,0,0,0,0,0,0.259513547,0,0,0,0,0,0,0.510249879,0,0,0,0,0,0,0,0,0,0,0,0,0,0,0,Eukaryota;Chordata;Actinopteri;Gobiiformes;Gobiidae;Lythrypnus;Lythrypnus zebra
0,0,0,0.031395975,0.030156752,0.027951184,0,0,0,0,0,0,0,0,0.356674105,0,0.075729201,0,0.040177312,0.142591352,0.276258546,0,0,0.019010846,5.47E-05,0,0,0,0,0,0,0,0,0,0,0,Eukaryota;Chordata;Actinopteri;Cypriniformes;Cyprinidae;Ctenopharyngodon;Ctenopharyngodon idella
0.008088695,0.016719342,0.007490557,0.009499365,0.007578386,0.020177007,0,0.004286259,0.005070591,4.66E-05,0.006049082,0,0.009794601,0.083942271,0.049556746,0.017116963,0.077593078,0.079326862,0.022478378,0.027483225,0.168721584,0.016904987,0.043705131,0.019900735,0,0.048782765,0.111599131,0.014304097,0.008898151,0.038299518,0.005119481,0.012224571,0.034311488,0.008695899,0.011218585,0.005015834,Eukaryota;Chordata;Actinopteri;Clupeiformes;Engraulidae;Engraulis;Engraulis mordax
0,0,0,0,0,0,0,0,0,0,0,0,0,0,0,0,0,0,0,0,0.812259736,0,0,0,0,0,0.187740264,0,0,0,0,0,0,0,0,0,Eukaryota;Chordata;Actinopteri;Clupeiformes;Dussumieriidae;Etrumeus;Etrumeus teres
0,0,0,0,0,0,0,0,0,0,0,0,0,0,0,0,0,0,0,0,0,0,0,1,0,0,0,0,0,0,0,0,0,0,0,0,Eukaryota;Chordata;Actinopteri;Clupeiformes;Clupeidae;Spratelloides;Spratelloides delicatulus
0,0,0,0,0,0,0,0,0,0.077047707,0,0,0,0,0,0,0,0,0.021830737,0,0,0,0,0,0,0,0.31564352,0,0,0,0,0.338655173,0.117606189,0,0.129216675,0,Eukaryota;Chordata;Actinopteri;Clupeiformes;Clupeidae;Sardinops;Sardinops sagax
0,0,0,0,0.092026765,0,0,0,0,0,0,0,0,0,0,0,0,0,0,0,0,0.675607266,0,0,0,0.232365969,0,0,0,0,0,0,0,0,0,0,Eukaryota;Chordata;Actinopteri;Clupeiformes;Clupeidae;Amblygaster;Amblygaster sirm
0,0,0,0,0.158975112,0,0,0,0,0,0,0,0,0,0,0,0,0,0,0,0,0,0.841024888,0,0,0,0,0,0,0,0,0,0,0,0,0,Eukaryota;Chordata;Actinopteri;Chaetodontiformes;Chaetodontidae;Chelmon;Chelmon rostratus
0,0,0,0,0,0,0,0,0,0,0,0,0,0,0,0,0,0,0,0,0,0,0,1,0,0,0,0,0,0,0,0,0,0,0,0,Eukaryota;Chordata;Actinopteri;Chaetodontiformes;Chaetodontidae;Chaetodon;Chaetodon ulietensis
0,0,0,0,0.066827645,0,0,0,0,0,0,0,0,0,0,0,0,0,0,0,0,0,0.933172355,0,0,0,0,0,0,0,0,0,0,0,0,0,Eukaryota;Chordata;Actinopteri;Chaetodontiformes;Chaetodontidae;Chaetodon;Chaetodon octofasciatus
0,0,0,0,0,0,0,0,0,0,0,0,0,0,0,0,0,0,1,0,0,0,0,0,0,0,0,0,0,0,0,0,0,0,0,0,Eukaryota;Chordata;Actinopteri;Chaetodontiformes;Chaetodontidae;Chaetodon;
0.048767028,0.046432526,0.031186943,0.012444924,0.008195171,0.008622112,0.025538328,0.047079529,0.063882531,0.002724883,0.010152816,0,0.036336794,0.024159284,0,0.070938249,0.044972713,0.055162305,0.040891899,0.030623766,0.053039881,0.005350986,0.103307686,0.024228017,0.016766159,0.034899668,0,0.00917574,0.014441098,0.022441973,0.053880899,0.008102708,0.009116502,0.014476224,0.014908077,0.007752584,Eukaryota;Chordata;Actinopteri;Centrarchiformes;Kyphosidae;Medialuna;Medialuna californiensis
0,0.050248388,0.077950521,0,0,0,0.022007927,0,0,0,0,0,0,0,0,0.126302558,0,0,0.077676615,0.066427728,0,0.027070218,0,0.003338368,0,0.460067985,0,0,0.016008751,0.053101922,0,0,0,0.019799021,0,0,Eukaryota;Chordata;Actinopteri;Centrarchiformes;Kyphosidae;Hermosilla;Hermosilla azurea
0,0,0,0,0,0,0.054606445,0.08392781,0,0.794013685,0,0,0,0,0,0,0,0,0,0,0,0,0,0,0,0,0,0,0,0,0,0,0,0,0.067452059,0,Eukaryota;Chordata;Actinopteri;Centrarchiformes;Kyphosidae;Girella;Girella simplicidens
0.098403742,0.098403742,0.098403742,0.009712667,0.002072459,0.00224942,0.053029684,0.04955675,0.017479412,0.094852133,0.024047682,9.38E-06,0.001315602,0,0,0.0065108,0.013871503,0.02844259,0.012163447,0.013852345,0.003455443,0.012702067,0.026095644,0.002881474,0.048695095,0.080073781,0.020356533,0.041503676,0.004185081,0.034116628,0.02429568,0.017747067,0.016802412,0.018801046,0.023889471,2.18E-05,Eukaryota;Chordata;Actinopteri;Centrarchiformes;Kyphosidae;Girella;Girella nigricans
0,0,0,0,0,0,0.225027929,0.098816705,0,0.215739848,0,0,0,0,0,0,0,0,0,0.110559751,0,0,0,0,0.208923132,0,0.140932635,0,0,0,0,0,0,0,0,0,Eukaryota;Chordata;Actinopteri;Centrarchiformes;Kyphosidae;Girella;
0.017374992,0.007948746,0.004599303,0,0,0,0,0,0.003394854,0,0.030400768,0.007961825,0.021347654,0.113531492,0,0,0,0.154554087,0.070762276,0.065398698,0.106264549,0.034275083,0.03123759,0.009501914,0.096908944,0.037724363,0,0.015781595,0.017027651,0.002951966,0,0.083059406,0.034675876,0.030619367,0,0.002697003,Eukaryota;Chordata;Actinopteri;Carangiformes;Carangidae;Trachurus;Trachurus symmetricus
0,0,0,0,0,0,0,0,0,0,0,0,0,0,0,0,0,0,0,0,0,0,0,0,0,0,0,0,0,0,0,1,0,0,0,0,Eukaryota;Chordata;Actinopteri;Carangiformes;Carangidae;Trachurus;
0,0,0,0,0,0,0.017915003,0.023669788,0.023333948,0,0,0.009979138,0,0,0,0.105203707,0,0.021931413,0,0,0,0,0,0,0,0,0,0,0.013237355,0,0,0,0.784729647,0,0,0,Eukaryota;Chordata;Actinopteri;Carangiformes;Carangidae;Seriola;Seriola lalandi
0,0,0,0,0,0,0,0,0,0,0,0,0,0,0,0,0,0,0,0,0,0,1,0,0,0,0,0,0,0,0,0,0,0,0,0,Eukaryota;Chordata;Actinopteri;Carangiformes;Carangidae;Gnathanodon;Gnathanodon speciosus
0,0,0,0,0,0,0,1,0,0,0,0,0,0,0,0,0,0,0,0,0,0,0,0,0,0,0,0,0,0,0,0,0,0,0,0,Eukaryota;Chordata;Actinopteri;Carangiformes;Carangidae;Decapterus;Decapterus macarellus
0,0,0,0,0,0,0,0.556096684,0.443903316,0,0,0,0,0,0,0,0,0,0,0,0,0,0,0,0,0,0,0,0,0,0,0,0,0,0,0,Eukaryota;Chordata;Actinopteri;Carangiformes;Carangidae;Decapterus;
0,0,0,0,0,0,0,0,0,0,0,0,0,0,0,0,0,0,0,0,0,0,0.53086004,0.46913996,0,0,0,0,0,0,0,0,0,0,0,0,Eukaryota;Chordata;Actinopteri;Carangiformes;Carangidae;Atule;Atule mate
0.088728918,0.107309988,0.129292215,0.015578731,0,0,0.024662203,0.141312079,0,0,0.057873733,0,0,0.02417787,0,0,0,0,0,0,0,0.033475809,0,0.002817798,0.136311418,0.046031786,0,0.019288159,0.0277538,0.083419869,0,0,0,0.029192507,0.032773118,0,Eukaryota;Chordata;Actinopteri;Blenniiformes;Labrisomidae;Paraclinus;Paraclinus integripinnis
0.069735934,0.024474411,0,0.067849935,0.015325866,0,0,0,0,0,0,0,0.028707584,0.0726249,0,0,0.082032747,0,0.024476105,0.015482661,0.195977775,0.028337377,0,0.013691341,0.162460105,0,0,0.035066752,0.012297778,0.107507439,0.010556025,0,0.009622379,0.008754425,0.01501846,0,Eukaryota;Chordata;Actinopteri;Blenniiformes;Labrisomidae;Labrisomus;Labrisomus xanti
0,0,0,0,0,0,0,0,0,0,0.044259796,0,0,0,0,0,0.102927929,0,0.192814051,0.576320478,0,0,0,0,0,0,0.083677746,0,0,0,0,0,0,0,0,0,Eukaryota;Chordata;Actinopteri;Blenniiformes;Labrisomidae;Alloclinus;Alloclinus holderi
0,0,0,0,0,0,0,0,0,0,0,0,0,1,0,0,0,0,0,0,0,0,0,0,0,0,0,0,0,0,0,0,0,0,0,0,Eukaryota;Chordata;Actinopteri;Blenniiformes;Gobiesocidae;Rimicola;Rimicola muscarum
0,0.106949938,0.022325561,0.011567714,0.030828221,0,0,0,0,0,0,0,0.087265439,0,0.059908189,0,0.263315343,0,0.092657881,0.061913623,0,0,0,0.025811205,0.083473178,0,0,0.153983707,0,0,0,0,0,0,0,0,Eukaryota;Chordata;Actinopteri;Blenniiformes;Gobiesocidae;Gobiesox;Gobiesox rhessodon
0.028623251,0.022626773,0.055383483,0.022739278,0,0.009106463,0,0.018687058,0.037913251,0.075530668,0,0,0,0,0.020077788,0,0.175604054,0.041304919,0.1329615,0,0.101832165,0,0,0,0.041313847,0,0,0,0.014479863,0.113187853,0,0,0.055937037,0,0.032690751,0,Eukaryota;Chordata;Actinopteri;Blenniiformes;Clinidae;Heterostichus;Heterostichus rostratus
0.045242149,0.034644423,0.043083515,0.008910065,0,0,0.014124691,0.007244873,0.002101501,0.045152258,0,0,0.031031583,0.008044913,0.022758294,0.01034555,0.085138068,0.059745321,0.087763481,0.045156966,0.043642213,0.004205185,0.034645733,3.87E-04,0.041830784,0.117886048,0,0.031664206,0.009117784,0.040526633,0.051453873,0.042443524,0,0.020731994,0.010977551,0,Eukaryota;Chordata;Actinopteri;Blenniiformes;Clinidae;Gibbonsia;
0.100449217,0.031984905,0.007031649,3.04E-04,0,0,0.219820113,0.011319177,0,0,0.048540024,0,0,0.041528863,0,0.066792242,0,0,0,0,0,0.019186278,0.058732509,0.013441432,0,0.111584302,0,0.214610291,0.02602211,0,0,0.017307148,0.011345906,0,0,0,Eukaryota;Chordata;Actinopteri;Blenniiformes;Blenniidae;Hypsoblennius;Hypsoblennius jenkinsi
0,1,0,0,0,0,0,0,0,0,0,0,0,0,0,0,0,0,0,0,0,0,0,0,0,0,0,0,0,0,0,0,0,0,0,0,Eukaryota;Chordata;Actinopteri;Blenniiformes;Blenniidae;;
0,0,0,0,0,0,0,0,0,0,0,0,0,0,0,0,1,0,0,0,0,0,0,0,0,0,0,0,0,0,0,0,0,0,0,0,Eukaryota;Chordata;Actinopteri;Blenniiformes;;;
0,0,0,0,0,0.095024222,0.353191975,0,0.413188002,0,0,0,0.138595801,0,0,0,0,0,0,0,0,0,0,0,0,0,0,0,0,0,0,0,0,0,0,0,Eukaryota;Chordata;Actinopteri;Beloniformes;Exocoetidae;Cheilopogon;
0,0,0,0,0,0.138513798,0.398771083,0,0.285420224,0,0,0,0.177294896,0,0,0,0,0,0,0,0,0,0,0,0,0,0,0,0,0,0,0,0,0,0,0,Eukaryota;Chordata;Actinopteri;Beloniformes;Exocoetidae;;
0,0.134173651,0,0,0,0,0,0,0,0,0,0,0,0,0,0,0,0,0,0,0,0,0,0,0,0,0,0,0,0,0,0,0,0,0.865826349,0,Eukaryota;Chordata;Actinopteri;Beloniformes;Belonidae;Cololabis;Cololabis saira
0,0,0,0,0,0,0,0.003600201,0,0,0,0,0,0.996399799,0,0,0,0,0,0,0,0,0,0,0,0,0,0,0,0,0,0,0,0,0,0,Eukaryota;Chordata;Actinopteri;Atheriniformes;Atherinopsidae;Leuresthes;Leuresthes tenuis
0.121094279,0.092772726,0.109552621,0.020402208,0,0.0035819,0.041994803,0.054483013,0.011832869,0.044659136,0.010974061,0.003860398,0.020259517,0.009432393,0.018023363,0.041572337,0.007042108,0.013256571,0.025558716,0.039757279,0.054149944,0.030300346,0.022602712,0.01757734,0.005631988,0.016764744,0.017348865,0.017227977,0.009492909,0.019890812,0,0.018762645,0.005067935,0.028149802,0.046901901,1.98E-05,Eukaryota;Chordata;Actinopteri;Atheriniformes;Atherinopsidae;Atherinopsis;Atherinopsis californiensis
0.179461766,0.046096192,0.066622089,0.026673289,0.008680378,0.005655569,0,0.018408269,0.035898206,0.019944981,0,0,0.021733199,0,0.012136716,0,0.015129173,0.060975663,0.022597976,0.031499767,0.020834951,0,0.035864789,0.036896004,0,0,0.073725208,0.054547898,0,0.008375369,0,0.01623859,0,0.106112874,0.075891081,0,Eukaryota;Chordata;Actinopteri;Anguilliformes;Muraenidae;Gymnothorax;Gymnothorax mordax
0,0,0,0,0,0,0,0,0,0,0,0,0,0.174089902,0,0,0,0,0,0,0,0,0,0,0,0.035668777,0,0.460285363,0,0,0,0,0.329955958,0,0,0,Eukaryota;Chordata;Actinopteri;Anguilliformes;Congridae;Gnathophis;Gnathophis bathytopos
0,0,0,0,0,0,0,0,0,0,0,1,0,0,0,0,0,0,0,0,0,0,0,0,0,0,0,0,0,0,0,0,0,0,0,0,Eukaryota;Chordata;Actinopteri;Anguilliformes;Congridae;Gnathophis;
0,0,0,0,0,0,0,0,0,1,0,0,0,0,0,0,0,0,0,0,0,0,0,0,0,0,0,0,0,0,0,0,0,0,0,0,Eukaryota;Chordata;Actinopteri;Alepocephaliformes;Alepocephalidae;Alepocephalus;Alepocephalus australis
0,0,0,0,0,0,0,0,0,0,0,0,0,0,0,0,0,0,0,0,0,0,0,1,0,0,0,0,0,0,0,0,0,0,0,0,Eukaryota;Chordata;Actinopteri;Acanthuriformes;Acanthuridae;Naso;Naso vlamingii
0,0,0,0,0,0,0,0,0,0,0,0,0,0,0,0,0,0,0,0,0,0,0,0,0,0,0,0,0,0,0,0,1,0,0,0,Eukaryota;Chordata;Actinopteri;Acanthuriformes;Acanthuridae;Naso;
0,1,0,0,0,0,0,0,0,0,0,0,0,0,0,0,0,0,0,0,0,0,0,0,0,0,0,0,0,0,0,0,0,0,0,0,Eukaryota;Chordata;Actinopteri;Acanthuriformes;Acanthuridae;Ctenochaetus;Ctenochaetus binotatus
0,0,0,0,0,0,0,0,0,0,0,0,0,0,0,0,0,0,0,0,0,0,0,1,0,0,0,0,0,0,0,0,0,0,0,0,Eukaryota;Chordata;Actinopteri;Acanthuriformes;Acanthuridae;Acanthurus;Acanthurus pyroferus
0,0,0,0,0,0.089069359,0,0,0,0,0,0,0,0,0,0,0,0,0,0,0.592143006,0,0.318787635,0,0,0,0,0,0,0,0,0,0,0,0,0,Eukaryota;Chordata;Actinopteri;;Siganidae;Siganus;Siganus guttatus
3.63E-05,0.060883791,0.015549946,0.038103078,0,0.003481047,0.008472854,0.116664771,0.020237778,0,0,0,0,0.019876219,0.009768736,0.017808204,0.018529129,0,0,0,0,0.101688665,0.45116214,0.027333178,0,0,0,0.002344884,0.001502263,0,0,0,0,0,0.086556979,0,Eukaryota;Chordata;Actinopteri;;Siganidae;Siganus;Siganus fuscescens
0,0.148978677,0,0,0,0.046631841,0,0,0.065631966,0,0,0,0,0,0,0,0,0,0,0,0,0.153260915,0.388253833,0.036287784,0,0,0,0.008520964,0,0,0,0,0,0,0.152434019,0,Eukaryota;Chordata;Actinopteri;;Siganidae;Siganus;
0,0,0,0,0,0,0,0,0,0,0,0,0,0,0,0,0,0,0,0,0,0,0,1,0,0,0,0,0,0,0,0,0,0,0,0,Eukaryota;Chordata;Actinopteri;;Pomacentridae;Pomacentrus;
0,0,0,0,0,0,0,0,0,0,0,0,0,0,1,0,0,0,0,0,0,0,0,0,0,0,0,0,0,0,0,0,0,0,0,0,Eukaryota;Chordata;Actinopteri;;Pomacentridae;Microspathodon;
0.031796516,0.037620508,0.028598993,0.017404511,0.008653856,0.011162815,0.048607031,0.07642919,0.014416992,0.024835084,0.014969924,0.016738739,0.009522144,0.036859255,0.031734172,0.029720044,0.029389492,0.028381146,0.021364135,0.026361139,0.070795685,0.014914975,0.030697582,0.015949053,0.00757967,0.033443079,0.15771554,0.015725457,0.011966928,0.029679603,0.005048875,0.002585726,0.024236126,0.011826391,0.019750136,0.003519488,Eukaryota;Chordata;Actinopteri;;Pomacentridae;Chromis;Chromis punctipinnis
0,0,0,0,0,0,0,0,0,0,0,0,0,0,0,0,0,0,0,0,0,0,1,0,0,0,0,0,0,0,0,0,0,0,0,0,Eukaryota;Chordata;Actinopteri;;Pomacentridae;Abudefduf;Abudefduf bengalensis
0,0.354446499,0,0,0,0,0,0,0,0,0,0,0,0,0,0,0.252140103,0,0,0,0,0,0.393413398,0,0,0,0,0,0,0,0,0,0,0,0,0,Eukaryota;Chordata;Actinopteri;;Pomacentridae;Abudefduf;
0.205270414,0.35372833,0,0,0,0,0,0,0,0,0,0,0,0,0,0,0,0,0.441001257,0,0,0,0,0,0,0,0,0,0,0,0,0,0,0,0,0,Eukaryota;Chordata;Actinopteri;;Pomacentridae;;
0,0,0,0,0,0,0,0,0,0,0,0,0,0,0,0,0,0,0,0,0,0,1,0,0,0,0,0,0,0,0,0,0,0,0,0,Eukaryota;Chordata;Actinopteri;;Pomacanthidae;Chaetodontoplus;Chaetodontoplus mesoleucus
0,0,0.609518356,0,0,0,0,0,0,0.390481644,0,0,0,0,0,0,0,0,0,0,0,0,0,0,0,0,0,0,0,0,0,0,0,0,0,0,Eukaryota;Chordata;Actinopteri;;Embiotocidae;Embiotoca;Embiotoca jacksoni
0,0,0,0,0.0118961,0.046309441,0,0.029394463,0,0.705924429,0,0,0,0,0,0,0.199898047,0,0,0.00657752,0,0,0,0,0,0,0,0,0,0,0,0,0,0,0,0,Eukaryota;Chordata;Actinopteri;;;;