T0.A.S31.L001,T0.B.S32.L001,T0.C.S33.L001,T1.A.S34.L001,T1.B.S35.L001,T1.C.S36.L001,T10.A.S61.L001,T10.B.S62.L001,T10.C.S63.L001,T11.A.S64.L001,T11.B.S65.L001,T11.C.S66.L001,T2.A.S37.L001,T2.B.S38.L001,T2.C.S39.L001,T3.A.S40.L001,T3.B.S41.L001,T3.C.S42.L001,T4.A.S43.L001,T4.B.S44.L001,T4.C.S45.L001,T5.A.S46.L001,T5.B.S47.L001,T5.C.S48.L001,T6.A.S49.L001,T6.B.S50.L001,T6.C.S51.L001,T7.A.S52.L001,T7.B.S53.L001,T7.C.S54.L001,T8.A.S55.L001,T8.B.S56.L001,T8.C.S57.L001,T9.A.S58.L001,T9.B.S59.L001,T9.C.S60.L001,sum.taxonomy
0,0,0.609518356,0,0,0,0,0,0,0.390481644,0,0,0,0,0,0,0,0,0,0,0,0,0,0,0,0,0,0,0,0,0,0,0,0,0,0,Eukaryota;Chordata;Actinopteri;;Embiotocidae;Embiotoca;Embiotoca jacksoni
0.031796516,0.037620508,0.028598993,0.017404511,0.008653856,0.011162815,0.048607031,0.07642919,0.014416992,0.024835084,0.014969924,0.016738739,0.009522144,0.036859255,0.031734172,0.029720044,0.029389492,0.028381146,0.021364135,0.026361139,0.070795685,0.014914975,0.030697582,0.015949053,0.00757967,0.033443079,0.15771554,0.015725457,0.011966928,0.029679603,0.005048875,0.002585726,0.024236126,0.011826391,0.019750136,0.003519488,Eukaryota;Chordata;Actinopteri;;Pomacentridae;Chromis;Chromis punctipinnis
0.179461766,0.046096192,0.066622089,0.026673289,0.008680378,0.005655569,0,0.018408269,0.035898206,0.019944981,0,0,0.021733199,0,0.012136716,0,0.015129173,0.060975663,0.022597976,0.031499767,0.020834951,0,0.035864789,0.036896004,0,0,0.073725208,0.054547898,0,0.008375369,0,0.01623859,0,0.106112874,0.075891081,0,Eukaryota;Chordata;Actinopteri;Anguilliformes;Muraenidae;Gymnothorax;Gymnothorax mordax
0.121094279,0.092772726,0.109552621,0.020402208,0,0.0035819,0.041994803,0.054483013,0.011832869,0.044659136,0.010974061,0.003860398,0.020259517,0.009432393,0.018023363,0.041572337,0.007042108,0.013256571,0.025558716,0.039757279,0.054149944,0.030300346,0.022602712,0.01757734,0.005631988,0.016764744,0.017348865,0.017227977,0.009492909,0.019890812,0,0.018762645,0.005067935,0.028149802,0.046901901,1.98E-05,Eukaryota;Chordata;Actinopteri;Atheriniformes;Atherinopsidae;Atherinopsis;Atherinopsis californiensis
0.028623251,0.022626773,0.055383483,0.022739278,0,0.009106463,0,0.018687058,0.037913251,0.075530668,0,0,0,0,0.020077788,0,0.175604054,0.041304919,0.1329615,0,0.101832165,0,0,0,0.041313847,0,0,0,0.014479863,0.113187853,0,0,0.055937037,0,0.032690751,0,Eukaryota;Chordata;Actinopteri;Blenniiformes;Clinidae;Heterostichus;Heterostichus rostratus
0,0,0,0,0,0,0,0,0,0,0,0,0,1,0,0,0,0,0,0,0,0,0,0,0,0,0,0,0,0,0,0,0,0,0,0,Eukaryota;Chordata;Actinopteri;Blenniiformes;Gobiesocidae;Rimicola;Rimicola muscarum
0,0,0,0,0,0,0,0,0,0,0.044259796,0,0,0,0,0,0.102927929,0,0.192814051,0.576320478,0,0,0,0,0,0,0.083677746,0,0,0,0,0,0,0,0,0,Eukaryota;Chordata;Actinopteri;Blenniiformes;Labrisomidae;Alloclinus;Alloclinus holderi
0.069735934,0.024474411,0,0.067849935,0.015325866,0,0,0,0,0,0,0,0.028707584,0.0726249,0,0,0.082032747,0,0.024476105,0.015482661,0.195977775,0.028337377,0,0.013691341,0.162460105,0,0,0.035066752,0.012297778,0.107507439,0.010556025,0,0.009622379,0.008754425,0.01501846,0,Eukaryota;Chordata;Actinopteri;Blenniiformes;Labrisomidae;Labrisomus;Labrisomus xanti
0,0,0,0,0,0,0.017915003,0.023669788,0.023333948,0,0,0.009979138,0,0,0,0.105203707,0,0.021931413,0,0,0,0,0,0,0,0,0,0,0.013237355,0,0,0,0.784729647,0,0,0,Eukaryota;Chordata;Actinopteri;Carangiformes;Carangidae;Seriola;Seriola lalandi
0.017374992,0.007948746,0.004599303,0,0,0,0,0,0.003394854,0,0.030400768,0.007961825,0.021347654,0.113531492,0,0,0,0.154554087,0.070762276,0.065398698,0.106264549,0.034275083,0.03123759,0.009501914,0.096908944,0.037724363,0,0.015781595,0.017027651,0.002951966,0,0.083059406,0.034675876,0.030619367,0,0.002697003,Eukaryota;Chordata;Actinopteri;Carangiformes;Carangidae;Trachurus;Trachurus symmetricus
0.098403742,0.098403742,0.098403742,0.009712667,0.002072459,0.00224942,0.053029684,0.04955675,0.017479412,0.094852133,0.024047682,9.38E-06,0.001315602,0,0,0.0065108,0.013871503,0.02844259,0.012163447,0.013852345,0.003455443,0.012702067,0.026095644,0.002881474,0.048695095,0.080073781,0.020356533,0.041503676,0.004185081,0.034116628,0.02429568,0.017747067,0.016802412,0.018801046,0.023889471,2.18E-05,Eukaryota;Chordata;Actinopteri;Centrarchiformes;Kyphosidae;Girella;Girella nigricans
0,0.050248388,0.077950521,0,0,0,0.022007927,0,0,0,0,0,0,0,0,0.126302558,0,0,0.077676615,0.066427728,0,0.027070218,0,0.003338368,0,0.460067985,0,0,0.016008751,0.053101922,0,0,0,0.019799021,0,0,Eukaryota;Chordata;Actinopteri;Centrarchiformes;Kyphosidae;Hermosilla;Hermosilla azurea
0.048767028,0.046432526,0.031186943,0.012444924,0.008195171,0.008622112,0.025538328,0.047079529,0.063882531,0.002724883,0.010152816,0,0.036336794,0.024159284,0,0.070938249,0.044972713,0.055162305,0.040891899,0.030623766,0.053039881,0.005350986,0.103307686,0.024228017,0.016766159,0.034899668,0,0.00917574,0.014441098,0.022441973,0.053880899,0.008102708,0.009116502,0.014476224,0.014908077,0.007752584,Eukaryota;Chordata;Actinopteri;Centrarchiformes;Kyphosidae;Medialuna;Medialuna californiensis
0,0,0,0,0,0,0,0,0,0.077047707,0,0,0,0,0,0,0,0,0.021830737,0,0,0,0,0,0,0,0.31564352,0,0,0,0,0.338655173,0.117606189,0,0.129216675,0,Eukaryota;Chordata;Actinopteri;Clupeiformes;Clupeidae;Sardinops;Sardinops sagax
0.008088695,0.016719342,0.007490557,0.009499365,0.007578386,0.020177007,0,0.004286259,0.005070591,4.66E-05,0.006049082,0,0.009794601,0.083942271,0.049556746,0.017116963,0.077593078,0.079326862,0.022478378,0.027483225,0.168721584,0.016904987,0.043705131,0.019900735,0,0.048782765,0.111599131,0.014304097,0.008898151,0.038299518,0.005119481,0.012224571,0.034311488,0.008695899,0.011218585,0.005015834,Eukaryota;Chordata;Actinopteri;Clupeiformes;Engraulidae;Engraulis;Engraulis mordax
0.230236574,0,0,0,0,0,0,0,0,0,0,0,0,0.259513547,0,0,0,0,0,0,0.510249879,0,0,0,0,0,0,0,0,0,0,0,0,0,0,0,Eukaryota;Chordata;Actinopteri;Gobiiformes;Gobiidae;Lythrypnus;Lythrypnus zebra
0,0,0.150388712,0,0,0,0,0,0,0,0,0,0,0,0,0,0,0.5255075,0,0,0,0,0,0,0,0,0,0,0,0,0,0,0.324103788,0,0,0,Eukaryota;Chordata;Actinopteri;Gobiiformes;Gobiidae;Rhinogobiops;Rhinogobiops nicholsii
0,0.215629079,0.131287825,0,0,0,0.653083095,0,0,0,0,0,0,0,0,0,0,0,0,0,0,0,0,0,0,0,0,0,0,0,0,0,0,0,0,0,Eukaryota;Chordata;Actinopteri;Kurtiformes;Apogonidae;Apogon;Apogon guadalupensis
9.60E-04,9.79E-06,0.005536116,0.068180582,0.068180582,0.068180582,9.35E-04,0.001660206,0.068180582,0.042885569,0.068180582,0.068180582,0.068180582,0.066797748,0.068180582,0.032831918,0.024316632,0.015699357,0.045243259,0.023444331,0.010795164,0.020307202,0.012794967,0.006920269,0.0159778,0.001627586,0.005232144,0.012670456,0.00584458,0.012284344,0.002483008,0.011134847,0.004526512,0,0.003456279,0.068180582,Eukaryota;Chordata;Actinopteri;Labriformes;Labridae;Halichoeres;Halichoeres semicinctus
0,0,0,2.46E-04,0,2.11E-04,1.05E-04,0,0,0,0,1.18E-04,0.035384917,2.31E-04,3.38E-04,0.222216239,0,0,0,0.1923427,0,0,0.073302532,0,0,0,0,0,0,0,0,0,0.404025136,0,0.071314148,1.65E-04,Eukaryota;Chordata;Actinopteri;Labriformes;Labridae;Oxyjulis;Oxyjulis californica
0.066483525,0.042895082,0.06583892,0.007969384,0.006821977,0.005857247,0.020832211,0.052729491,0.037234892,0.019476621,0.031702762,0.007124165,0.003434328,0.029329046,0.037918212,0.002513343,0.009382943,0.046671158,0.022181776,0.004492916,0.021067184,0,0.023880258,0.02059932,0.018808239,0.015885194,0.028267154,0.015713059,0.124081394,0,0.003660809,0.100548985,0.032408003,0.016662517,0.056178966,0.00134892,Eukaryota;Chordata;Actinopteri;Labriformes;Labridae;Semicossyphus;Semicossyphus pulcher
0.038739971,0.058465881,8.68E-04,0,0,0,0.052843277,0.337018957,0.019271607,0.018070972,0,0.009065555,0.020750617,0,0,0,0.034793811,0.04522249,0.089448877,0.075872131,0,0,0,0,0,0,0,0,0,0,0.05108153,0,0,0.07536822,0.073118372,0,Eukaryota;Chordata;Actinopteri;Lutjaniformes;Haemulidae;Anisotremus;Anisotremus davidsonii
1,0,0,0,0,0,0,0,0,0,0,0,0,0,0,0,0,0,0,0,0,0,0,0,0,0,0,0,0,0,0,0,0,0,0,0,Eukaryota;Chordata;Actinopteri;Lutjaniformes;Haemulidae;Xenistius;Xenistius californiensis
0,0,0,0.112388525,0.08802258,0.028554712,0,0,0.070762914,0,0.026327954,0.145811239,0.053274201,0,0,0,0,0,0.049832091,0.243729838,0.017357487,0,0,0,0,0,0,0,0,0,0,0,0.161000412,0,0,0.002938046,Eukaryota;Chordata;Actinopteri;NA;Malacanthidae;Caulolatilus;Caulolatilus princeps
0.177359958,0.069283957,0.128696563,0.016292851,0.002475428,0.001638721,0.038212208,0.075400176,0.020945442,0.093059633,0.028080384,0.00175609,0.0223356,0.009514886,0.012060029,0.033594788,0.01694894,0.004787898,0.038315269,0.014412561,0.015356313,0,0.017150599,0.004213181,0.019088682,0,0,0.012378395,0.002087616,0.005159234,0,0.020649024,0.020311966,0.058853042,0.019580565,0,Eukaryota;Chordata;Actinopteri;NA;Pomacentridae;Hypsypops;Hypsypops rubicundus
0,0,0,0,0,0,1,0,0,0,0,0,0,0,0,0,0,0,0,0,0,0,0,0,0,0,0,0,0,0,0,0,0,0,0,0,Eukaryota;Chordata;Actinopteri;NA;Sciaenidae;Umbrina;Umbrina roncador
0,0,0,0,0,0,0.069386991,0.018664685,0,0,0,0,0.143410036,0,0,0,0,0,0.113043372,0.25472841,0,0,0.216813506,0,0,0,0,0.183952999,0,0,0,0,0,0,0,0,Eukaryota;Chordata;Actinopteri;NA;Sphyraenidae;Sphyraena;Sphyraena argentea
0.026479652,0.039395886,0.041933971,0.010448481,0,0.002229479,0,0,0,7.93E-04,0,0,0,0,0,0,0.010841683,0,0,0.103431678,0,0.014686063,0.087554305,0,0.144469788,0,0.480759945,0,0.004877603,0,0,0,0,0,0.03209842,0,Eukaryota;Chordata;Actinopteri;Perciformes;Scorpaenidae;Scorpaena;Scorpaena guttata
0.058181064,0.091360646,0.092180796,0,0,0,0.01908606,0.086095481,0.087815063,0,0.054200648,0.03747883,0,0,0,0,0,0,0.056211091,0.157298163,0.178949533,0.038285497,0,0,0,0,0,0,0,0,0,0,0,0,0,0.042857129,Eukaryota;Chordata;Actinopteri;Perciformes;Scorpaenidae;Scorpaenodes;Scorpaenodes xyris
0.040140679,0.042200798,0.030840853,0.00703694,0.013349535,0.005597684,0.018514405,0.022144931,0.007541534,0.056530083,0.021364623,0.015134373,0.02406487,0.031735488,0.023425637,0.052882754,0.043753548,0.056530083,0.028405399,0.010130599,0.018999098,0.00938828,0.028274436,0.013375286,0.056530083,0.021645348,0.008544758,0.056530083,0.007332687,0.018543067,0.035890772,0.038286089,0.020596705,0.056530083,0.056530083,0.00167833,Eukaryota;Chordata;Actinopteri;Perciformes;Serranidae;Paralabrax;Paralabrax clathratus
0,0,0,0,1,0,0,0,0,0,0,0,0,0,0,0,0,0,0,0,0,0,0,0,0,0,0,0,0,0,0,0,0,0,0,0,Eukaryota;Chordata;Actinopteri;Perciformes;Serranidae;Paralabrax;Paralabrax nebulifer
0,0,0,0,0,0,0,0,0,0,0,0,0,0,0,0,0,0,0,0,0,0,0,0.169936959,0,0,0,0,0,0,0,0,0.830063041,0,0,0,Eukaryota;Chordata;Actinopteri;Pleuronectiformes;Paralichthyidae;Citharichthys;Citharichthys sordidus
0,0,0,0,0,0,0,0.293638577,0,0,0,0.105859415,0,0,0,0,0,0,0.226742879,0,0,0,0,0,0,0,0,0,0,0.373759129,0,0,0,0,0,0,Eukaryota;Chordata;Actinopteri;Pleuronectiformes;Paralichthyidae;Citharichthys;Citharichthys stigmaeus
0,0,0,0,0,0,0,0.221405027,0,0,0,0.049594969,0,0,0,0,0.065594842,0,0,0,0,0,0,0,0,0,0,0,0,0,0,0,0.663405161,0,0,0,Eukaryota;Chordata;Actinopteri;Pleuronectiformes;Paralichthyidae;Paralichthys;Paralichthys californicus
0.068798799,0,0,0.320166872,0.177947646,0.114979157,0,0,0,0.074274283,0,0,0,0,0.132935018,0,0.085182317,0,0,0,0,0,0,0,0,0,0,0.025715908,0,0,0,0,0,0,0,0,Eukaryota;Chordata;Actinopteri;Pleuronectiformes;Pleuronectidae;Pleuronichthys;Pleuronichthys coenosus
0,0,0,0,0,0,0,0,0,0,0.302384037,0,0,0,0.38082483,0,0,0,0,0.316791133,0,0,0,0,0,0,0,0,0,0,0,0,0,0,0,0,Eukaryota;Chordata;Actinopteri;Scombriformes;Scombridae;Sarda;Sarda chiliensis
0,0.125192707,0,0,0,0,0.063993927,0,0,0.062840055,0,0,0,0,0,0.232187651,0.044493548,0,0.189294797,0.050715851,0,0.104387852,0,0,0,0,0.031265157,0,0,0.038788646,0,0,0,0,0.05683981,0,Eukaryota;Chordata;Actinopteri;Scombriformes;Scombridae;Scomber;Scomber japonicus
0,0,0,0,0,0,0,0,1,0,0,0,0,0,0,0,0,0,0,0,0,0,0,0,0,0,0,0,0,0,0,0,0,0,0,0,Eukaryota;Chordata;Actinopteri;Tetraodontiformes;Molidae;Mola;Mola mola
0,0,0,0,0,0,0,0,0,0,0,0,1,0,0,0,0,0,0,0,0,0,0,0,0,0,0,0,0,0,0,0,0,0,0,0,Eukaryota;Chordata;Chondrichthyes;Carcharhiniformes;Scyliorhinidae;Cephaloscyllium;Cephaloscyllium ventriosum
0.051074607,0.05632854,0.235476154,0.05413516,0.031502498,0.037161736,0,0,0,0.043258481,0,0,0,0,0,0,0.05614396,0,0,0.021376849,0,0,0.011156497,0,0,0,0,0.066380402,0.060013396,0,0,0,0.08922661,0.084394556,0.102370555,0,Eukaryota;Chordata;Chondrichthyes;Heterodontiformes;Heterodontidae;Heterodontus;Heterodontus francisci
0,0,0,0,0,0.01804616,0.050082739,0.109964378,0.150660502,0,0.219546957,0,0,0,0.101557275,0.160791811,0,0,0.054564134,0,0,0,0.081349169,0,0,0,0,0.02578806,0,0.027648813,0,0,0,0,0,0,Eukaryota;Chordata;Chondrichthyes;Myliobatiformes;Myliobatidae;Myliobatis;Myliobatis californica
0.112629631,0.144064478,0.282078541,0,0.005696869,0.010032415,0,0,0.041327372,0.086050859,0,0.008860321,0,0,0,0,0.01671446,0,0,0,0,0,0.020973401,0,0.034984828,0.032549638,0,0,0,0.021488819,0,0.15422945,0,0.021318067,0,0.007000851,Eukaryota;Chordata;Chondrichthyes;Myliobatiformes;Urolophidae;Urolophus;Urolophus halleri
0,0,0,0,0,0,0,0,0,0,0,0,0,1,0,0,0,0,0,0,0,0,0,0,0,0,0,0,0,0,0,0,0,0,0,0,Eukaryota;Chordata;Chondrichthyes;Pristiformes/Rhiniformes group;Rhinobatidae;Pseudobatos;Pseudobatos productus